Cervantes Reus, Santiago, yagowolf47@gmail.com
Chen Zhang, Jian, jiancz@gmail.com
Orcajo Garcia, Andrés, andresorcajo@gmail.com
Castro Rubio, Daniel, danielcastro996@gmail.com
Cano de Benito, Juan, juancano2006@gmail.com
García Lafuente, Miguel, miguelglafuente@gmail.com
Barahona Álvarez, Alejandro, alex.grajera@gmail.com
Álvarez Almazán, q, maralva92@gmail.com
Medina Rivas, Natalia, nameri.1992@gmail.com
Moreu Rubio, Roberto, rmoreu92@gmail.com
Eioacchino Mazzurco, Gioacchino, gio@eigenlab.org
Sarmiento del Rio, Roberto, ashida.shin@gmail.com
Ramírez Barambones, Jose Maria, xerahort@gmail.com
Molina Rueda, Borja, el_sr.pistaxo@hotmail.com
Gonzalez Irisarri, Isidoro, isidoro.goniri@gmail.com
King Sancho, Kevin, nivek_et@hotmail.com
Gimenez Aguilar, Maria del Mar, marhaylin@gmail.com
Beleña Lamor, Joel, joelbeta2@hotmail.com
Revuelta Arribas, Alberto, alberto.rev.a@gmail.com
Sanchez Muñoz, Daniel, danielsm1994@gmail.com
Pedregal Helft, Paloma, paloma@pedregal.org
Revillas Garcia, Javier, javier@pixelian.org
Gonzalo Jimenez, Eugenio, eugenio90@gmail.com
Ballesteros González, Ignacio, ignacioballesterosgonzalez@gmail.com
García, Samuel, samgh96@gmail.com
Guzmán Alpízar, César, ironjanowar@gmail.com
Muñoz Fernández, Álvaro, golot@golot.es
Ayat Ortiz, Ismael, iayatortiz@gmail.com
Conde Gómez, Sergio, skgsergio@gmail.com
Sayans Cobos, Pablo, pablo.sayans@gmail.com
Iturmendi Muñoz, Álvaro, hanker789@gmail.com
García Lamas, José Vicente, josevigarcia96@gmail.com
Conde de la Marta, Pablo, pablocondedelamarta@gmail.com
Sanchez, Andrés, andsanmar97@gmail.com
Villar, Víctor, victorvillas29@gmail.com
Paredes López, Guillermo, guille.palo@gmail.com
Sánchez Marin, Carlos, casamatechs@gmail.com
Bueso de Barrio, Luis Eduardo, luiseduardo.bueso.debarrio@alumnos.upm.es
Fernández Quiroga, Cristina, crisferquir@gmail.com
Jimenez Paniagua, Alvaro, coyote3007@gmail.com
García Álvarez, Aitor, aitorg.512@gmail.com
Yanguas Martín, Jorge Pablo, buho4004@hotmail.com
Bracamonte Sauz, Alejandro, alenjandro.braca@gmail.com
Puech Helguero, Eduardo, eduardopuech@hotmail.com
Martínez de Terán, Enrique, menrique108@gmail.com
Yang, Alessandro, kami.deathk@gmail.com